Aaron Hunt,DUMMY TEAM,854
Abdul Rahman Baba,DUMMY TEAM,1442
Adam Hlousek,DUMMY TEAM,991
Adam Matuschyk,DUMMY TEAM,713
Adam Szalai,DUMMY TEAM,1135
Admir Mehmedi,DUMMY TEAM,1632
Adrian Ramos,DUMMY TEAM,1332
Alban Meha,DUMMY TEAM,925
Albin Ekdal,DUMMY TEAM,962
Alejandro Galvez,DUMMY TEAM,1114
Aleksandar Ignjovski,DUMMY TEAM,722
Alessandro Schoepf,DUMMY TEAM,1556
Alex Manninger,DUMMY TEAM,653
Alexander Baumjohann,DUMMY TEAM,512
Alexander Esswein,DUMMY TEAM,721
Alexander Hack,DUMMY TEAM,374
Alexander Madlung,DUMMY TEAM,804
Alexander Meier,DUMMY TEAM,1703
Alexander Milosevic,DUMMY TEAM,701
Alexander Schwolow,DUMMY TEAM,408
Alexandru Maxim,DUMMY TEAM,1073
Alfred Finnbogason,DUMMY TEAM,676
Alfredo Morales,DUMMY TEAM,1149
Allan Saint-Maximin,DUMMY TEAM,638
Almog Cohen,DUMMY TEAM,560
Alvaro Dominguez,DUMMY TEAM,773
Anderson,DUMMY TEAM,528
Andre Hahn,DUMMY TEAM,954
Andre Hoffmann,DUMMY TEAM,439
Andre Ramalho Silva,DUMMY TEAM,1111
Andre Schuerrle,DUMMY TEAM,959
Andreas Beck,DUMMY TEAM,819
Andreas Christensen,DUMMY TEAM,609
Andrej Kramaric,DUMMY TEAM,587
Andres Guardado,DUMMY TEAM,1417
Anis Ben-Hatira,DUMMY TEAM,586
Anthony Modeste,DUMMY TEAM,1089
Anthony Ujah,DUMMY TEAM,1035
Antonio Ruediger,DUMMY TEAM,1043
Arjen Robben,DUMMY TEAM,803
Arkadiusz Milik,DUMMY TEAM,948
Aron Johannsson,DUMMY TEAM,589
Artem Kravets,DUMMY TEAM,146
Arthur Boka,DUMMY TEAM,673
Artjoms Rudnevs,DUMMY TEAM,965
Artur Sobiech,DUMMY TEAM,507
Arturo Vidal,DUMMY TEAM,1622
Ashton-Phillip Goetz,DUMMY TEAM,474
Assani Lukimya-Mulongoti,DUMMY TEAM,793
Atsuto Uchida,DUMMY TEAM,1194
Aytac Sulu,DUMMY TEAM,1211
Baard Finne,DUMMY TEAM,1057
Bas Dost,DUMMY TEAM,764
Bastian Oczipka,DUMMY TEAM,597
Bastian Schweinsteiger,DUMMY TEAM,961
Benedikt Hoewedes,DUMMY TEAM,902
Benedikt Saller,DUMMY TEAM,696
Benjamin Henrichs,DUMMY TEAM,348
Benjamin Huebner,DUMMY TEAM,704
Benjamin Kessel,DUMMY TEAM,673
Berkay Tolga Dabanli,DUMMY TEAM,337
Bernd Leno,DUMMY TEAM,661
Branimir Hrgota,DUMMY TEAM,696
Bruno Henrique,DUMMY TEAM,210
Cacau,DUMMY TEAM,151
Caiuby,DUMMY TEAM,785
Carlos Gruezo,DUMMY TEAM,902
Carlos Zambrano,DUMMY TEAM,612
Cedric Makiadi,DUMMY TEAM,1241
Ceyhun Gulselam,DUMMY TEAM,781
Charles Aranguiz,DUMMY TEAM,760
Charlison Benschop,DUMMY TEAM,1659
Chinedu Obasi,DUMMY TEAM,724
Christian Clemens,DUMMY TEAM,887
Christian Fuchs,DUMMY TEAM,1608
Christian Gentner,DUMMY TEAM,544
Christian Guenter,DUMMY TEAM,1755
Christian Mathenia,DUMMY TEAM,991
Christian Pander,DUMMY TEAM,294
Christian Pulisic,DUMMY TEAM,540
Christian Schulz,DUMMY TEAM,594
Christian Strohdiek,DUMMY TEAM,683
Christian Traesch,DUMMY TEAM,918
Christoph Janker,DUMMY TEAM,335
Christoph Kramer,DUMMY TEAM,1313
Christoph Moritz,DUMMY TEAM,1310
Christopher Avevor,DUMMY TEAM,859
Ciro Immobile,DUMMY TEAM,2461
Claudio Pizarro,DUMMY TEAM,1005
Cleber,DUMMY TEAM,654
Clemens Fritz,DUMMY TEAM,1679
Constant Djakpa,DUMMY TEAM,799
Damir Vrancic,DUMMY TEAM,471
Dani Schahin,DUMMY TEAM,948
Daniel Baier,DUMMY TEAM,539
Daniel Brosinski,DUMMY TEAM,1192
Daniel Brueckner,DUMMY TEAM,591
Daniel Caligiuri,DUMMY TEAM,924
Daniel Davari,DUMMY TEAM,593
Daniel Didavi,DUMMY TEAM,1296
Daniel Ginczek,DUMMY TEAM,528
Daniel Halfar,DUMMY TEAM,933
Daniel Opare,DUMMY TEAM,1007
Daniel Schwaab,DUMMY TEAM,596
Daniel van Buyten,DUMMY TEAM,156
Danilo Soares,DUMMY TEAM,799
Danny Latza,DUMMY TEAM,1049
Danny da Costa,DUMMY TEAM,612
Dante,DUMMY TEAM,981
Dario Kresic,DUMMY TEAM,471
Dario Lezcano,DUMMY TEAM,1286
David Abraham,DUMMY TEAM,982
David Alaba,DUMMY TEAM,1327
David Kinsombi,DUMMY TEAM,302
Davie Selke,DUMMY TEAM,1334
Deniz Dogan,DUMMY TEAM,672
Dennis Aogo,DUMMY TEAM,1295
Dennis Diekmeier,DUMMY TEAM,517
Dennis Kruppke,DUMMY TEAM,341
Deyverson,DUMMY TEAM,1187
Didier Konan Ya,DUMMY TEAM,1484
Diego,DUMMY TEAM,1371
Diego Benaglio,DUMMY TEAM,483
Diego Contento,DUMMY TEAM,580
Dominic Maroh,DUMMY TEAM,808
Dominik Kohr,DUMMY TEAM,1075
Dominik Kumbela,DUMMY TEAM,835
Dominik Stroh-Engel,DUMMY TEAM,752
Dominique Heintz,DUMMY TEAM,790
Dong-Won Ji,DUMMY TEAM,568
Douglas Costa,DUMMY TEAM,1138
Dusan Svento,DUMMY TEAM,538
Edgar Prib,DUMMY TEAM,888
Eduardo Vargas,DUMMY TEAM,1080
Elias Kachunga,DUMMY TEAM,747
Eljero Elia,DUMMY TEAM,1358
Elkin Soto,DUMMY TEAM,1169
Emanuel Pogatetz,DUMMY TEAM,990
Emiliano Insua,DUMMY TEAM,547
Emir Spahic,DUMMY TEAM,630
Emre Can,DUMMY TEAM,1163
Eren Derdiyok,DUMMY TEAM,579
Eric Durm,DUMMY TEAM,1100
Eric Maxim Choupo-Moting,DUMMY TEAM,2062
Ermin Bicakcic,DUMMY TEAM,605
Eugen Polanski,DUMMY TEAM,910
Fabian Frei,DUMMY TEAM,2136
Fabian Giefer,DUMMY TEAM,512
Fabian Holland,DUMMY TEAM,1015
Fabian Johnson,DUMMY TEAM,1051
Fabian Lustenberger,DUMMY TEAM,1286
Fabian Schaer,DUMMY TEAM,1736
Federico Barba,DUMMY TEAM,876
Felipe,DUMMY TEAM,364
Felipe Santana,DUMMY TEAM,826
Felix Klaus,DUMMY TEAM,979
Felix Kroos,DUMMY TEAM,1128
Felix Passlack,DUMMY TEAM,360
Felix Platte,DUMMY TEAM,369
Felix Wiedwald,DUMMY TEAM,1037
Filip Daems,DUMMY TEAM,584
Filip Djuricic,DUMMY TEAM,1351
Filip Kostic,DUMMY TEAM,1118
Filip Mladenovic,DUMMY TEAM,488
Fin Bartels,DUMMY TEAM,1753
Florian Grillitsch,DUMMY TEAM,1133
Florian Hartherz,DUMMY TEAM,398
Florian Jungwirth,DUMMY TEAM,956
Florian Klein,DUMMY TEAM,902
Florian Niederlechner,DUMMY TEAM,1177
Franck Ribery,DUMMY TEAM,618
Franco Di Santo,DUMMY TEAM,2197
Frantisek Rajtoral,DUMMY TEAM,292
Frederik Soerensen,DUMMY TEAM,722
Fynn Arkenberg,DUMMY TEAM,58
Gaetan Bussmann,DUMMY TEAM,773
Gelson Fernandes,DUMMY TEAM,663
Genki Haraguchi,DUMMY TEAM,1014
Georg Niedermaier,DUMMY TEAM,803
Gian-Luca Waldschmidt,DUMMY TEAM,419
Gianluca Gaudino,DUMMY TEAM,641
Gideon Jung,DUMMY TEAM,786
Giulio Donati,DUMMY TEAM,803
Gojko Kacar,DUMMY TEAM,356
Gonzalo Castro,DUMMY TEAM,1126
Gonzalo Jara,DUMMY TEAM,1107
Gotoku Sakai,DUMMY TEAM,797
Granit Xhaka,DUMMY TEAM,1571
Gyorgy Garics,DUMMY TEAM,558
Haavard Nielsen,DUMMY TEAM,563
Haavard Nordtveit,DUMMY TEAM,688
Hajime Hosogai,DUMMY TEAM,1021
Hakan Calhanoglu,DUMMY TEAM,1674
Halil Altintop,DUMMY TEAM,746
Hanno Balitsch,DUMMY TEAM,425
Hany Mukhtar,DUMMY TEAM,740
Haris Seferovic,DUMMY TEAM,682
Heiko Westermann,DUMMY TEAM,829
Henrik Mkhitaryan,DUMMY TEAM,2534
Heung-Min Son,DUMMY TEAM,994
Hiroki Sakai,DUMMY TEAM,718
Hiroshi Kiyotake,DUMMY TEAM,836
Holger Badstuber,DUMMY TEAM,963
Hotaru Yamaguchi,DUMMY TEAM,69
Hugo Almeida,DUMMY TEAM,528
Ibrahima Traore,DUMMY TEAM,931
Idir Ouali,DUMMY TEAM,804
Ilkay Guendogan,DUMMY TEAM,1910
Immanuel Hoehn,DUMMY TEAM,823
Ivan Perisic,DUMMY TEAM,1200
Iver Fossum,DUMMY TEAM,995
Ivica Olic,DUMMY TEAM,1006
Ivo Ilicevic,DUMMY TEAM,591
Izet Hajrovic,DUMMY TEAM,1412
Ja-Cheol Koo,DUMMY TEAM,1734
Jacques Zoua Daogari,DUMMY TEAM,797
Jairo,DUMMY TEAM,1162
Jakub Blaszczykowski,DUMMY TEAM,1041
Jan Hochscheidt,DUMMY TEAM,635
Jan Kirchhoff,DUMMY TEAM,1177
Jan Moravek,DUMMY TEAM,286
Jan Polak,DUMMY TEAM,974
Jan Rosenthal,DUMMY TEAM,506
Jan Schlaudraff,DUMMY TEAM,592
Jan-Ingwer Callsen-Bracker,DUMMY TEAM,365
Janek Sternberg,DUMMY TEAM,1037
Jannik Vestergaard,DUMMY TEAM,965
Jaroslav Drobny,DUMMY TEAM,611
Javier Hernandez,DUMMY TEAM,651
Javier Martinez,DUMMY TEAM,926
Javier Pinola,DUMMY TEAM,865
Jefferson Farfan,DUMMY TEAM,744
Jeffrey Gouweleeuw,DUMMY TEAM,297
Jens Grahl,DUMMY TEAM,614
Jens Hegeler,DUMMY TEAM,812
Jens Wemmer,DUMMY TEAM,554
Jeong-Ho Hong,DUMMY TEAM,359
Jeremy Toljan,DUMMY TEAM,734
Jerome Boateng,DUMMY TEAM,1200
Jerome Gondorf,DUMMY TEAM,1146
Jhon Cordoba,DUMMY TEAM,1440
Jiloan Hamad,DUMMY TEAM,923
Jimmy Briand,DUMMY TEAM,893
Jin-Su Kim,DUMMY TEAM,608
Joao Pereira,DUMMY TEAM,1076
Joel Gerezgiher,DUMMY TEAM,416
Joel Matip,DUMMY TEAM,1015
Johan Djourou,DUMMY TEAM,672
Johannes Flum,DUMMY TEAM,587
Johannes Geis,DUMMY TEAM,2052
Johannes van den Bergh,DUMMY TEAM,919
John Anthony Brooks,DUMMY TEAM,1044
Johnny Heitinga,DUMMY TEAM,825
Jonas Hector,DUMMY TEAM,1628
Jonas Hofmann,DUMMY TEAM,1112
Jonathan Glao Tah,DUMMY TEAM,1210
Jonathan Schmid,DUMMY TEAM,1196
Joo-Ho Park,DUMMY TEAM,1314
Jose Campana,DUMMY TEAM,972
Joselu,DUMMY TEAM,740
Joshua Guilavogui,DUMMY TEAM,1301
Joshua Kimmich,DUMMY TEAM,1296
Josip Drmic,DUMMY TEAM,1061
Juan Arango,DUMMY TEAM,977
Juan Bernat,DUMMY TEAM,1106
Julian Baumgartlinger,DUMMY TEAM,1285
Julian Brandt,DUMMY TEAM,1251
Julian Draxler,DUMMY TEAM,803
Julian Green,DUMMY TEAM,734
Julian Koch,DUMMY TEAM,974
Julian Korb,DUMMY TEAM,855
Julian Schieber,DUMMY TEAM,897
Julian Schuster,DUMMY TEAM,1236
Julian Weigl,DUMMY TEAM,1199
Junior Caicara,DUMMY TEAM,528
Junior Diaz,DUMMY TEAM,1570
Junior Malanda-Adje,DUMMY TEAM,361
Kaan Ayhan,DUMMY TEAM,1190
Kai Herdling,DUMMY TEAM,724
Karim Bellarabi,DUMMY TEAM,1410
Karim Guede,DUMMY TEAM,1249
Karim Onisiwo,DUMMY TEAM,268
Kazuki Nagasawa,DUMMY TEAM,596
Ken Reichel,DUMMY TEAM,619
Kenan Karaman,DUMMY TEAM,750
Kevin Grosskreutz,DUMMY TEAM,1288
Kevin Kampl,DUMMY TEAM,1847
Kevin Kratz,DUMMY TEAM,479
Kevin Kuranyi,DUMMY TEAM,766
Kevin Trapp,DUMMY TEAM,804
Kevin Vogt,DUMMY TEAM,879
Kevin Volland,DUMMY TEAM,1350
Kevin Wimmer,DUMMY TEAM,1164
Kevin de Bruyne,DUMMY TEAM,1417
Kevin-Prince Boateng,DUMMY TEAM,1262
Kingsley Coman,DUMMY TEAM,977
Klaas Jan Huntelaar,DUMMY TEAM,992
Koen Casteels,DUMMY TEAM,712
Konstantin Engel,DUMMY TEAM,521
Konstantin Rausch,DUMMY TEAM,654
Konstantinos Stafylidis,DUMMY TEAM,693
Kyriakos Papadopoulos,DUMMY TEAM,934
Lars Bender,DUMMY TEAM,816
Lars Stindl,DUMMY TEAM,1414
Lasse Sobiech,DUMMY TEAM,412
Laszlo Kleinheisler,DUMMY TEAM,267
Leon Andreasen,DUMMY TEAM,823
Leon Balogun,DUMMY TEAM,1015
Leon Goretzka,DUMMY TEAM,1465
Leon Guwara,DUMMY TEAM,120
Leonardo Bittencourt,DUMMY TEAM,967
Leroy Sane,DUMMY TEAM,2011
Levan Kobiashvili,DUMMY TEAM,69
Levent Aycicek,DUMMY TEAM,1454
Levin Mete Oztunali,DUMMY TEAM,1483
Lewis Holtby,DUMMY TEAM,1158
Loris Karius,DUMMY TEAM,1659
Luc Castaignos,DUMMY TEAM,368
Luca Caldirola,DUMMY TEAM,1243
Luca-Milan Zander,DUMMY TEAM,356
Lucas Hradecky,DUMMY TEAM,1140
Lucas Piazon,DUMMY TEAM,1424
Ludovic Obraniak,DUMMY TEAM,520
Luiz Gustavo,DUMMY TEAM,493
Lukas Froede,DUMMY TEAM,352
Lukas Hinterseer,DUMMY TEAM,879
Lukas Kruse,DUMMY TEAM,634
Lukas Raeder,DUMMY TEAM,514
Lukas Rupp,DUMMY TEAM,990
Lukasz Piszczek,DUMMY TEAM,978
Lukasz Zaluska,DUMMY TEAM,200
Mahir Saglik,DUMMY TEAM,475
Mahmoud Dahoud,DUMMY TEAM,909
Makoto Hasebe,DUMMY TEAM,519
Mame Biram Diouf,DUMMY TEAM,1012
Manuel Friedrich,DUMMY TEAM,219
Manuel Neuer,DUMMY TEAM,1070
Manuel Schmiedebach,DUMMY TEAM,902
Marc Pfitzner,DUMMY TEAM,268
Marc Stendera,DUMMY TEAM,1632
Marc Torrejon Moya,DUMMY TEAM,1086
Marc Vucinovic,DUMMY TEAM,559
Marc-Andre ter Stegen,DUMMY TEAM,818
Marc-Oliver Kempf,DUMMY TEAM,802
Marcel Correia,DUMMY TEAM,850
Marcel De Jong,DUMMY TEAM,954
Marcel Heller,DUMMY TEAM,1187
Marcel Ndjeng,DUMMY TEAM,544
Marcel Risse,DUMMY TEAM,1337
Marcel Schaefer,DUMMY TEAM,450
Marcel Schmelzer,DUMMY TEAM,1012
Marcell Jansen,DUMMY TEAM,613
Marcelo,DUMMY TEAM,808
Marcelo Diaz,DUMMY TEAM,1371
Marco Fabian,DUMMY TEAM,1441
Marco Hoeger,DUMMY TEAM,1148
Marco Reus,DUMMY TEAM,1802
Marco Russ,DUMMY TEAM,575
Marco Sailer,DUMMY TEAM,585
Mario Goetze,DUMMY TEAM,1363
Mario Mandzukic,DUMMY TEAM,1400
Mario Vrancic,DUMMY TEAM,1042
Marius Stankevicius,DUMMY TEAM,502
Marius Wolf,DUMMY TEAM,680
Marjan Petkovic,DUMMY TEAM,131
Mark Uth,DUMMY TEAM,980
Markus Feulner,DUMMY TEAM,960
Markus Suttner,DUMMY TEAM,483
Marlon Frey,DUMMY TEAM,419
Marnon-Thomas Busch,DUMMY TEAM,860
Martin Angha,DUMMY TEAM,575
Martin Harnik,DUMMY TEAM,913
Martin Hinteregger,DUMMY TEAM,860
Martin Lanig,DUMMY TEAM,288
Martin Stranzl,DUMMY TEAM,715
Marvin Bakalorz,DUMMY TEAM,749
Marvin Ducksch,DUMMY TEAM,588
Marvin Friedrich,DUMMY TEAM,489
Marvin Matip,DUMMY TEAM,1061
Marvin Plattenhardt,DUMMY TEAM,1551
Marvin Schulz,DUMMY TEAM,243
Marwin Hitz,DUMMY TEAM,740
Matija Nastasic,DUMMY TEAM,846
Mats Hummels,DUMMY TEAM,1115
Mats Moeller Daehli,DUMMY TEAM,1100
Matthew Leckie,DUMMY TEAM,1132
Matthias Ginter,DUMMY TEAM,1445
Matthias Henn,DUMMY TEAM,129
Matthias Lehmann,DUMMY TEAM,884
Matthias Ostrzolek,DUMMY TEAM,364
Matthias Zimmermann,DUMMY TEAM,406
Mattia Maggio,DUMMY TEAM,60
Maurice Hirsch,DUMMY TEAM,490
Max Christiansen,DUMMY TEAM,647
Max Gruen,DUMMY TEAM,207
Max Kruse,DUMMY TEAM,1115
Max Meyer,DUMMY TEAM,1882
Maximilian Arnold,DUMMY TEAM,1435
Maximilian Eggestein,DUMMY TEAM,466
Maximilian Mittelstaedt,DUMMY TEAM,292
Maximilian Philipp,DUMMY TEAM,993
Mehdi Benatia,DUMMY TEAM,1432
Melvyn Lorenzen,DUMMY TEAM,670
Mensur Mujdza,DUMMY TEAM,931
Mergim Mavraj,DUMMY TEAM,357
Mevlut Erdinc,DUMMY TEAM,760
Michael Gregoritsch,DUMMY TEAM,969
Michael Heinloth,DUMMY TEAM,838
Michael Mancienne,DUMMY TEAM,639
Miiko Albornoz,DUMMY TEAM,1107
Mijat Gacinovic,DUMMY TEAM,132
Mike Frantz,DUMMY TEAM,1428
Milan Badelj,DUMMY TEAM,999
Milos Jojic,DUMMY TEAM,1336
Milos Veljkovic,DUMMY TEAM,1039
Mirko Boland,DUMMY TEAM,840
Miso Brecko,DUMMY TEAM,907
Mitchell Langerak,DUMMY TEAM,940
Mitchell Weiser,DUMMY TEAM,1770
Mohamed Gouaida,DUMMY TEAM,685
Mohammed Abdellaoue,DUMMY TEAM,824
Moritz Hartmann,DUMMY TEAM,1009
Moritz Leitner,DUMMY TEAM,735
Moritz Stoppelkamp,DUMMY TEAM,636
Nabil Bahoui,DUMMY TEAM,1698
Nadiem Amiri,DUMMY TEAM,1043
Naldo,DUMMY TEAM,1143
Nelson Haedo Valdez,DUMMY TEAM,600
Neven Subotic,DUMMY TEAM,1049
Nicklas Bendtner,DUMMY TEAM,673
Nico Elvedi,DUMMY TEAM,1019
Nico Schulz,DUMMY TEAM,569
Nicolai Mueller,DUMMY TEAM,910
Nicolas Hoefler,DUMMY TEAM,1021
Niki Zimling,DUMMY TEAM,1090
Niklas Stark,DUMMY TEAM,908
Niklas Suele,DUMMY TEAM,1014
Niko Bungert,DUMMY TEAM,1193
Nikola Djurdjic,DUMMY TEAM,1005
Nikolce Noveski,DUMMY TEAM,824
Nils Petersen,DUMMY TEAM,1419
Noah-Joel Sarenren-Bazee,DUMMY TEAM,178
Norman Theuerkauf,DUMMY TEAM,686
Nuri Sahin,DUMMY TEAM,892
Odisseas Vlachodimos,DUMMY TEAM,381
Oerjan Haaskjold Nyland,DUMMY TEAM,1077
Oezkan Yildirim,DUMMY TEAM,868
Ola John,DUMMY TEAM,1566
Oliver Baumann,DUMMY TEAM,468
Oliver Kirch,DUMMY TEAM,1130
Oliver Sorg,DUMMY TEAM,1369
Omar Elabdellaoui,DUMMY TEAM,832
Omer Toprak,DUMMY TEAM,399
Ondrej Petrak,DUMMY TEAM,542
Orhan Ademi,DUMMY TEAM,666
Oriol Romeu,DUMMY TEAM,794
Oscar Wendt,DUMMY TEAM,606
Ouasim Bouy,DUMMY TEAM,962
Pablo De Blasis,DUMMY TEAM,1110
Papy Djilobodji,DUMMY TEAM,1009
Pascal Gross,DUMMY TEAM,1225
Patrick Herrmann,DUMMY TEAM,930
Patrick Ochs,DUMMY TEAM,299
Patrick Rakovsky,DUMMY TEAM,600
Patrick Ziegler,DUMMY TEAM,668
Paul Seguin,DUMMY TEAM,417
Paul Verhaegh,DUMMY TEAM,677
Pavel Kaderabek,DUMMY TEAM,640
Pavel Krmas,DUMMY TEAM,548
Pawel Olkowski,DUMMY TEAM,1369
Pepe Reina,DUMMY TEAM,1135
Per Ciljan Skjelbred,DUMMY TEAM,1424
Per Nilsson,DUMMY TEAM,793
Peter Niemeyer,DUMMY TEAM,778
Peter Pekarik,DUMMY TEAM,748
Petr Jiracek,DUMMY TEAM,509
Philip Heise,DUMMY TEAM,457
Philipp Bargfrede,DUMMY TEAM,1317
Philipp Hosiner,DUMMY TEAM,728
Philipp Lahm,DUMMY TEAM,1305
Philipp Max,DUMMY TEAM,754
Philipp Ochs,DUMMY TEAM,367
Philipp Wollscheid,DUMMY TEAM,686
Philipp Zulechner,DUMMY TEAM,924
Pierre Bengtsson,DUMMY TEAM,1002
Pierre-Emerick Aubameyang,DUMMY TEAM,1937
Pierre-Emil Hoejbjerg,DUMMY TEAM,1456
Pierre-Michel Lasogga,DUMMY TEAM,1230
Piotr Trochowski,DUMMY TEAM,525
Pirmin Schwegler,DUMMY TEAM,462
Przemyslaw Tyton,DUMMY TEAM,904
Rafa Lopez,DUMMY TEAM,498
Rafael van der Vaart,DUMMY TEAM,1427
Raffael,DUMMY TEAM,1038
Rafinha,DUMMY TEAM,850
Ragnar Klavan,DUMMY TEAM,592
Ralf Faehrmann,DUMMY TEAM,1727
Ramazan Oezcan,DUMMY TEAM,851
Rani Khedira,DUMMY TEAM,1173
Raphael Holzhauser,DUMMY TEAM,686
Raphael Schaefer,DUMMY TEAM,1306
Raphael Wolf,DUMMY TEAM,1267
Raul Marcelo Bobadilla,DUMMY TEAM,1207
Rene Adler,DUMMY TEAM,968
Ricardo Rodriguez,DUMMY TEAM,1280
Richard Strebinger,DUMMY TEAM,510
Rico Strieder,DUMMY TEAM,383
Robbie Kruse,DUMMY TEAM,661
Robert Bauer,DUMMY TEAM,925
Robert Lewandowski,DUMMY TEAM,1473
Robert Mak,DUMMY TEAM,428
Robert Tesche,DUMMY TEAM,980
Roberto Firmino,DUMMY TEAM,1619
Roberto Hilbert,DUMMY TEAM,667
Robin Knoche,DUMMY TEAM,679
Roel Brouwers,DUMMY TEAM,666
Roger,DUMMY TEAM,909
Romain Bregerie,DUMMY TEAM,893
Roman Buerki,DUMMY TEAM,1006
Roman Neustaedter,DUMMY TEAM,1652
Roman Weidenfeller,DUMMY TEAM,814
Ron-Robert Zieler,DUMMY TEAM,790
Ronny,DUMMY TEAM,590
Ronny Marcos,DUMMY TEAM,674
Ronny Philp,DUMMY TEAM,540
Roy Beerens,DUMMY TEAM,661
Rune Almenning Jarstein,DUMMY TEAM,1222
Salif Sane,DUMMY TEAM,893
Salomon Kalou,DUMMY TEAM,1324
Sambou Yatabare,DUMMY TEAM,894
Sami Allagui,DUMMY TEAM,861
Sandro Sirigu,DUMMY TEAM,512
Sandro Wagner,DUMMY TEAM,1058
Santiago Garcia,DUMMY TEAM,2072
Sascha Burchert,DUMMY TEAM,522
Sascha Moelders,DUMMY TEAM,643
Sascha Riether,DUMMY TEAM,736
Sead Kolasinac,DUMMY TEAM,1016
Sebastian Boenisch,DUMMY TEAM,573
Sebastian Freis,DUMMY TEAM,871
Sebastian Jung,DUMMY TEAM,915
Sebastian Kehl,DUMMY TEAM,468
Sebastian Kerk,DUMMY TEAM,1522
Sebastian Langkamp,DUMMY TEAM,1133
Sebastian Proedl,DUMMY TEAM,1048
Sebastian Rode,DUMMY TEAM,546
Sebastian Rudy,DUMMY TEAM,911
Sebastien Pocognoli,DUMMY TEAM,363
Sejad Salihovic,DUMMY TEAM,537
Sercan Sararer,DUMMY TEAM,1044
Serdar Tasci,DUMMY TEAM,391
Serey Die,DUMMY TEAM,1583
Shawn Parker,DUMMY TEAM,554
Shinji Kagawa,DUMMY TEAM,1565
Shinji Okazaki,DUMMY TEAM,1761
Sidney Sam,DUMMY TEAM,1492
Simon Rolfes,DUMMY TEAM,626
Simon Zoller,DUMMY TEAM,1338
Slawomir Peszko,DUMMY TEAM,773
Slobodan Medojevic,DUMMY TEAM,435
Slobodan Rajkovic,DUMMY TEAM,657
Sokratis Papastathopoulos,DUMMY TEAM,1234
Sonny Kittel,DUMMY TEAM,614
Srdjan Lakic,DUMMY TEAM,650
Stefan Aigner,DUMMY TEAM,458
Stefan Bell,DUMMY TEAM,1219
Stefan Kiessling,DUMMY TEAM,720
Stefan Kutschke,DUMMY TEAM,323
Stefan Lex,DUMMY TEAM,1147
Stefan Mitrovic,DUMMY TEAM,1222
Stefan Reinartz,DUMMY TEAM,934
Stefan Thesker,DUMMY TEAM,603
Stefanos Kapinos,DUMMY TEAM,360
Stephan Schrock,DUMMY TEAM,562
Steven Zuber,DUMMY TEAM,361
Suat Serdar,DUMMY TEAM,475
Suleyman Koc,DUMMY TEAM,963
Sven Bender,DUMMY TEAM,965
Sven Schipplock,DUMMY TEAM,722
Sven Ulreich,DUMMY TEAM,856
Szabolcs Huszti,DUMMY TEAM,292
Takashi Inui,DUMMY TEAM,738
Tarik Elyounoussi,DUMMY TEAM,885
Theodor Gebre Selassie,DUMMY TEAM,1398
Thiago Alcantara,DUMMY TEAM,1377
Thomas Kessler,DUMMY TEAM,414
Thomas Kraft,DUMMY TEAM,682
Thomas Mueller,DUMMY TEAM,1199
Thorgan Hazard,DUMMY TEAM,1459
Thorsten Kirschbaum,DUMMY TEAM,940
Tim Hoogland,DUMMY TEAM,910
Tim Matavz,DUMMY TEAM,720
Timm Klose,DUMMY TEAM,832
Timo Baumgartl,DUMMY TEAM,743
Timo Gebhart,DUMMY TEAM,1007
Timo Hildebrand,DUMMY TEAM,221
Timo Horn,DUMMY TEAM,1080
Timo Perthel,DUMMY TEAM,822
Timo Werner,DUMMY TEAM,1212
Timon Wellenreuther,DUMMY TEAM,618
Timothy Chandler,DUMMY TEAM,436
Tin Jedvaj,DUMMY TEAM,1057
Tobias Kempe,DUMMY TEAM,1005
Tobias Levels,DUMMY TEAM,751
Tobias Pachonik,DUMMY TEAM,365
Tobias Sippel,DUMMY TEAM,577
Tobias Strobl,DUMMY TEAM,990
Tobias Weis,DUMMY TEAM,782
Tobias Werner,DUMMY TEAM,586
Tolga Cigerci,DUMMY TEAM,1098
Tolgay Arslan,DUMMY TEAM,1332
Tom Mickel,DUMMY TEAM,387
Tom Starke,DUMMY TEAM,530
Tomas Pekhart,DUMMY TEAM,701
Tomas Rincon,DUMMY TEAM,1028
Toni Kroos,DUMMY TEAM,941
Toni Sunjic,DUMMY TEAM,442
Tony Jantschke,DUMMY TEAM,919
Torsten Oehrl,DUMMY TEAM,339
Tranquillo Barnetta,DUMMY TEAM,1144
Uffe Bech,DUMMY TEAM,542
Ulisses Garcia,DUMMY TEAM,618
Uwe Huenemeier,DUMMY TEAM,552
Vaclav Kadlec,DUMMY TEAM,572
Vaclav Pilar,DUMMY TEAM,516
Valentin Stocker,DUMMY TEAM,1860
Valmir Sulejmani,DUMMY TEAM,538
Valon Behrami,DUMMY TEAM,702
Vedad Ibisevic,DUMMY TEAM,1694
Vieirinha,DUMMY TEAM,1100
Vladimir Darida,DUMMY TEAM,2202
Vladlen Yurchenko,DUMMY TEAM,436
Waldemar Anton,DUMMY TEAM,290
Wendell,DUMMY TEAM,1123
Xabi Alonso,DUMMY TEAM,1265
Xherdan Shaqiri,DUMMY TEAM,800
Yann Sommer,DUMMY TEAM,1425
Yanni Regaesel,DUMMY TEAM,475
Yannick Gerhardt,DUMMY TEAM,1271
Ylli Sallahi,DUMMY TEAM,706
Yoshinori Muto,DUMMY TEAM,582
Younes Belhanda,DUMMY TEAM,468
Yunus Malli,DUMMY TEAM,2259
Yuya Osako,DUMMY TEAM,933
Zdenek Pospech,DUMMY TEAM,524
Zhi-Gin Lam,DUMMY TEAM,533
Zlatko Junuzovic,DUMMY TEAM,2154
Zoltan Stieber,DUMMY TEAM,860
