Aaron Hunt,Hamburger SV,0.7827727272727273
Abdul Rahman Baba,FC Augsburg,0.48277749999999997
Adam Hlousek,VfB Stuttgart,0.48028571428571476
Adam Matuschyk,1. FC Köln,0.525025
Adam Szalai,Hannover 96,0.72814
Admir Mehmedi,Bayer 04 Leverkusen,0.5962499999999997
Adrian Ramos,Borussia Dortmund,0.8261970588235292
Alban Meha,SC Paderborn 07,0.5619961538461538
Albin Ekdal,Hamburger SV,0.7183538461538466
Alejandro Galvez,SV Werder Bremen,0.6932066666666667
Aleksandar Ignjovski,Eintracht Frankfurt,0.6083500000000001
Alessandro Schoepf,FC Schalke 04,0.40731739130434746
Alex Manninger,FC Augsburg,0.6549277777777782
Alexander Baumjohann,Hertha BSC Berlin,0.6717142857142853
Alexander Esswein,FC Augsburg,0.6247699999999999
Alexander Hack,1. FSV Mainz 05,0.3985166666666667
Alexander Madlung,Eintracht Frankfurt,0.7466181818181818
Alexander Meier,Eintracht Frankfurt,0.7357704545454548
Alexander Milosevic,Hannover 96,0.42442
Alexander Schwolow,SC Freiburg,0.5554250000000001
Alexandru Maxim,VfB Stuttgart,0.8186821428571432
Alfred Finnbogason,FC Augsburg,0.8287722222222222
Alfredo Morales,FC Ingolstadt 04,0.4481852941176474
Allan Saint-Maximin,Hannover 96,0.40811000000000003
Almog Cohen,FC Ingolstadt 04,0.48593749999999997
Alvaro Dominguez,Borussia Mönchengladbach,0.83172
Anderson,Eintracht Frankfurt,0.8205285714285719
Andre Hahn,Borussia Mönchengladbach,0.5558961538461542
Andre Hoffmann,Hannover 96,0.6651916666666666
Andre Ramalho Silva,Bayer 04 Leverkusen,0.46998749999999995
Andre Schuerrle,VfL Wolfsburg,0.83735
Andreas Beck,TSG 1899 Hoffenheim,0.6919545454545453
Andreas Christensen,Borussia Mönchengladbach,0.3746111111111111
Andrej Kramaric,TSG 1899 Hoffenheim,0.7295750000000001
Andres Guardado,Bayer 04 Leverkusen,0.6960999999999999
Anis Ben-Hatira,Eintracht Frankfurt,0.6452875
Anthony Modeste,1. FC Köln,0.8307821428571426
Anthony Ujah,SV Werder Bremen,0.7068678571428573
Antonio Ruediger,VfB Stuttgart,0.694696428571429
Arjen Robben,FC Bayern Munich,0.8975444444444445
Arkadiusz Milik,FC Augsburg,0.5970153846153844
Aron Johannsson,SV Werder Bremen,0.76285
Artem Kravets,VfB Stuttgart,0.7817000000000001
Arthur Boka,VfB Stuttgart,0.6969777777777775
Artjoms Rudnevs,Hamburger SV,0.7083038461538463
Artur Sobiech,Hannover 96,0.6603642857142854
Arturo Vidal,FC Bayern Munich,0.8878842105263162
Ashton-Phillip Goetz,Hamburger SV,0.28990625
Assani Lukimya-Mulongoti,SV Werder Bremen,0.5888909090909096
Atsuto Uchida,FC Schalke 04,0.7809375000000001
Aytac Sulu,SV Darmstadt 98,0.4976588235294119
Baard Finne,1. FC Köln,0.492515625
Bas Dost,VfL Wolfsburg,0.77634
Bastian Oczipka,Eintracht Frankfurt,0.8004500000000001
Bastian Schweinsteiger,FC Bayern Munich,0.8946090909090908
Benedikt Hoewedes,FC Schalke 04,0.8421772727272729
Benedikt Saller,1. FSV Mainz 05,0.39282727272727247
Benjamin Henrichs,Bayer 04 Leverkusen,0.43029999999999996
Benjamin Huebner,FC Ingolstadt 04,0.48761
Benjamin Kessel,Eintracht Braunschweig,0.50425
Berkay Tolga Dabanli,1. FC Nürnberg,0.5411900000000001
Bernd Leno,Bayer 04 Leverkusen,0.79369375
Branimir Hrgota,Borussia Mönchengladbach,0.51992
Bruno Henrique,VfL Wolfsburg,0.5863333333333333
Cacau,VfB Stuttgart,0.810975
Caiuby,FC Augsburg,0.5479863636363641
Carlos Gruezo,VfB Stuttgart,0.5209769230769226
Carlos Zambrano,Eintracht Frankfurt,0.8163125
Cedric Makiadi,SV Werder Bremen,0.6479794117647061
Ceyhun Gulselam,Hannover 96,0.5096999999999999
Charles Aranguiz,Bayer 04 Leverkusen,0.74505
Charlison Benschop,Hannover 96,0.5939739130434787
Chinedu Obasi,FC Schalke 04,0.5885900000000001
Christian Clemens,1. FSV Mainz 05,0.7583875
Christian Fuchs,FC Schalke 04,0.5662477272727269
Christian Gentner,VfB Stuttgart,0.8280571428571424
Christian Guenter,SC Freiburg,0.5187980000000001
Christian Mathenia,SV Darmstadt 98,0.3476666666666666
Christian Pander,Hannover 96,0.7528125
Christian Pulisic,Borussia Dortmund,0.3556666666666667
Christian Schulz,Hannover 96,0.78125
Christian Strohdiek,SC Paderborn 07,0.462645
Christian Traesch,VfL Wolfsburg,0.827825
Christoph Janker,FC Augsburg,0.46038
Christoph Kramer,Bayer 04 Leverkusen,0.7350000000000003
Christoph Moritz,1. FSV Mainz 05,0.6644638888888885
Christopher Avevor,Hannover 96,0.5341038461538465
Ciro Immobile,Borussia Dortmund,0.7449338709677424
Claudio Pizarro,SV Werder Bremen,0.7475461538461536
Cleber,Hamburger SV,0.5879333333333334
Clemens Fritz,SV Werder Bremen,0.7470304347826086
Constant Djakpa,Eintracht Frankfurt,0.5872454545454545
Damir Vrancic,Eintracht Braunschweig,0.45054999999999956
Dani Schahin,SC Freiburg,0.5024928571428574
Daniel Baier,FC Augsburg,0.728014285714286
Daniel Brosinski,1. FSV Mainz 05,0.468144117647059
Daniel Brueckner,SC Paderborn 07,0.344333333333333
Daniel Caligiuri,VfL Wolfsburg,0.7851625
Daniel Davari,Eintracht Braunschweig,0.4367444444444444
Daniel Didavi,VfB Stuttgart,0.7305352941176475
Daniel Ginczek,VfB Stuttgart,0.708242857142857
Daniel Halfar,1. FC Köln,0.6051000000000002
Daniel Opare,FC Augsburg,0.4543928571428569
Daniel Schwaab,VfB Stuttgart,0.7916812500000001
Daniel van Buyten,FC Bayern Munich,0.8171
Danilo Soares,FC Ingolstadt 04,0.3490958333333333
Danny Latza,1. FSV Mainz 05,0.4524066666666667
Danny da Costa,FC Ingolstadt 04,0.4522722222222222
Dante,VfL Wolfsburg,0.752325
Dario Kresic,Bayer 04 Leverkusen,0.5406785714285716
Dario Lezcano,FC Ingolstadt 04,0.4128315789473683
David Abraham,Eintracht Frankfurt,0.777330769230769
David Alaba,FC Bayern Munich,0.8092125
David Kinsombi,Eintracht Frankfurt,0.37733999999999995
Davie Selke,SV Werder Bremen,0.39522999999999997
Deniz Dogan,Eintracht Braunschweig,0.45453999999999994
Dennis Aogo,FC Schalke 04,0.8193823529411766
Dennis Diekmeier,Hamburger SV,0.7877642857142857
Dennis Kruppke,Eintracht Braunschweig,0.5370900000000001
Deyverson,1. FC Köln,0.44883235294117607
Didier Konan Ya,Hannover 96,0.6561575
Diego,VfL Wolfsburg,0.7000882352941176
Diego Benaglio,VfL Wolfsburg,0.8393
Diego Contento,FC Bayern Munich,0.669925
Dominic Maroh,1. FC Köln,0.6607636363636366
Dominik Kohr,FC Augsburg,0.40475312499999994
Dominik Kumbela,Eintracht Braunschweig,0.39318749999999997
Dominik Stroh-Engel,SV Darmstadt 98,0.4568363636363635
Dominique Heintz,1. FC Köln,0.5272227272727269
Dong-Won Ji,FC Augsburg,0.5719375
Douglas Costa,FC Bayern Munich,0.7977
Dusan Svento,1. FC Köln,0.4464125
Edgar Prib,Hannover 96,0.7848041666666666
Eduardo Vargas,TSG 1899 Hoffenheim,0.7766214285714282
Elias Kachunga,FC Ingolstadt 04,0.49523181818181794
Eljero Elia,SV Werder Bremen,0.7733472222222219
Elkin Soto,1. FSV Mainz 05,0.7312750000000001
Emanuel Pogatetz,1. FC Nürnberg,0.4621999999999995
Emiliano Insua,VfB Stuttgart,0.7808500000000003
Emir Spahic,Hamburger SV,0.824825
Emre Can,Bayer 04 Leverkusen,0.5826312499999999
Eren Derdiyok,Bayer 04 Leverkusen,0.5149
Eric Durm,Borussia Dortmund,0.6450033333333334
Eric Maxim Choupo-Moting,FC Schalke 04,0.7184462962962963
Ermin Bicakcic,TSG 1899 Hoffenheim,0.7707875
Eugen Polanski,TSG 1899 Hoffenheim,0.7294666666666666
Fabian Frei,1. FSV Mainz 05,0.7103568965517237
Fabian Giefer,FC Schalke 04,0.7120214285714284
Fabian Holland,SV Darmstadt 98,0.4211433333333333
Fabian Johnson,Borussia Mönchengladbach,0.7025964285714281
Fabian Lustenberger,Hertha BSC Berlin,0.7797117647058828
Fabian Schaer,TSG 1899 Hoffenheim,0.714867391304348
Federico Barba,VfB Stuttgart,0.36457307692307683
Felipe,Hannover 96,0.6873400000000001
Felipe Santana,FC Schalke 04,0.7608545454545459
Felix Klaus,Hannover 96,0.5153107142857147
Felix Kroos,SV Werder Bremen,0.523978125
Felix Passlack,Borussia Dortmund,0.38809999999999995
Felix Platte,SV Darmstadt 98,0.38619999999999993
Felix Wiedwald,SV Werder Bremen,0.7738071428571425
Filip Daems,Borussia Mönchengladbach,0.63185625
Filip Djuricic,1. FSV Mainz 05,0.7618305555555556
Filip Kostic,VfB Stuttgart,0.5608366666666667
Filip Mladenovic,1. FC Köln,0.5864571428571428
Fin Bartels,SV Werder Bremen,0.6240166666666667
Florian Grillitsch,SV Werder Bremen,0.3763055555555555
Florian Hartherz,SC Paderborn 07,0.4542666666666666
Florian Jungwirth,SV Darmstadt 98,0.5010857142857146
Florian Klein,VfB Stuttgart,0.4485730769230767
Florian Niederlechner,1. FSV Mainz 05,0.42959117647058803
Franck Ribery,FC Bayern Munich,0.8055785714285716
Franco Di Santo,FC Schalke 04,0.6749896551724136
Frantisek Rajtoral,Hannover 96,0.70385
Frederik Soerensen,1. FC Köln,0.558835
Fynn Arkenberg,Hannover 96,0.4782
Gaetan Bussmann,1. FSV Mainz 05,0.5408272727272725
Gelson Fernandes,SC Freiburg,0.7204611111111108
Genki Haraguchi,Hertha BSC Berlin,0.6545571428571426
Georg Niedermaier,VfB Stuttgart,0.6666363636363639
Gian-Luca Waldschmidt,Eintracht Frankfurt,0.3745357142857147
Gianluca Gaudino,FC Bayern Munich,0.36095
Gideon Jung,Hamburger SV,0.3003307692307691
Giulio Donati,1. FSV Mainz 05,0.6964454545454546
Gojko Kacar,Hamburger SV,0.5729900000000001
Gonzalo Castro,Borussia Dortmund,0.8391571428571429
Gonzalo Jara,1. FSV Mainz 05,0.46237812500000003
Gotoku Sakai,Hamburger SV,0.5977863636363633
Granit Xhaka,Borussia Mönchengladbach,0.6972700000000001
Gyorgy Garics,SV Darmstadt 98,0.47157499999999997
Haavard Nielsen,Eintracht Braunschweig,0.47548124999999997
Haavard Nordtveit,Borussia Mönchengladbach,0.7413722222222219
Hajime Hosogai,Hertha BSC Berlin,0.5197249999999997
Hakan Calhanoglu,Bayer 04 Leverkusen,0.7238522727272726
Halil Altintop,FC Augsburg,0.78866
Hanno Balitsch,1. FC Nürnberg,0.5070416666666666
Hany Mukhtar,Hertha BSC Berlin,0.46986363636363654
Haris Seferovic,Eintracht Frankfurt,0.8093944444444441
Heiko Westermann,Hamburger SV,0.8137363636363637
Henrik Mkhitaryan,Borussia Dortmund,0.7122870967741932
Heung-Min Son,Bayer 04 Leverkusen,0.780734615384615
Hiroki Sakai,Hannover 96,0.57347
Hiroshi Kiyotake,Hannover 96,0.778681818181818
Holger Badstuber,FC Bayern Munich,0.8406125
Hotaru Yamaguchi,Hannover 96,0.5701
Hugo Almeida,Hannover 96,0.8140714285714289
Ibrahima Traore,Borussia Mönchengladbach,0.8297666666666667
Idir Ouali,SC Paderborn 07,0.49585
Ilkay Guendogan,Borussia Dortmund,0.8009260869565221
Immanuel Hoehn,SC Freiburg,0.5065500000000001
Ivan Perisic,VfL Wolfsburg,0.7573766666666667
Iver Fossum,Hannover 96,0.44960333333333335
Ivica Olic,Hamburger SV,0.7274653846153841
Ivo Ilicevic,Hamburger SV,0.7606875
Izet Hajrovic,SV Werder Bremen,0.6926552631578945
Ja-Cheol Koo,FC Augsburg,0.7740434782608692
Jacques Zoua Daogari,Hamburger SV,0.41027083333333325
Jairo,1. FSV Mainz 05,0.5188937499999999
Jakub Blaszczykowski,Borussia Dortmund,0.7108538461538461
Jan Hochscheidt,Eintracht Braunschweig,0.5248944444444441
Jan Kirchhoff,FC Schalke 04,0.717775
Jan Moravek,FC Augsburg,0.5705
Jan Polak,VfL Wolfsburg,0.46780714285714264
Jan Rosenthal,SV Darmstadt 98,0.5603714285714287
Jan Schlaudraff,Hannover 96,0.6821625
Jan-Ingwer Callsen-Bracker,FC Augsburg,0.71726
Janek Sternberg,SV Werder Bremen,0.3364676470588239
Jannik Vestergaard,SV Werder Bremen,0.6912576923076926
Jaroslav Drobny,Hamburger SV,0.8188562500000001
Javier Hernandez,Bayer 04 Leverkusen,0.83851875
Javier Martinez,FC Bayern Munich,0.8549863636363637
Javier Pinola,1. FC Nürnberg,0.5475291666666666
Jefferson Farfan,FC Schalke 04,0.8380166666666663
Jeffrey Gouweleeuw,FC Augsburg,0.7686
Jens Grahl,TSG 1899 Hoffenheim,0.5023111111111112
Jens Hegeler,Hertha BSC Berlin,0.7209681818181817
Jens Wemmer,SC Paderborn 07,0.5100375
Jeong-Ho Hong,FC Augsburg,0.64442
Jeremy Toljan,TSG 1899 Hoffenheim,0.40432272727272733
Jerome Boateng,FC Bayern Munich,0.8357285714285718
Jerome Gondorf,SV Darmstadt 98,0.35925294117647105
Jhon Cordoba,1. FSV Mainz 05,0.562315
Jiloan Hamad,TSG 1899 Hoffenheim,0.528780769230769
Jimmy Briand,Hannover 96,0.6744125000000001
Jin-Su Kim,TSG 1899 Hoffenheim,0.3724888888888892
Joao Pereira,Hannover 96,0.7341035714285716
Joel Gerezgiher,Eintracht Frankfurt,0.46712857142857184
Joel Matip,FC Schalke 04,0.7817692307692304
Johan Djourou,Hamburger SV,0.7817000000000001
Johannes Flum,Eintracht Frankfurt,0.7170875000000001
Johannes Geis,FC Schalke 04,0.633911111111111
Johannes van den Bergh,Hertha BSC Berlin,0.509773076923077
John Anthony Brooks,Hertha BSC Berlin,0.6506357142857138
Johnny Heitinga,Hertha BSC Berlin,0.7003499999999996
Jonas Hector,1. FC Köln,0.5752636363636364
Jonas Hofmann,Borussia Mönchengladbach,0.6555866666666667
Jonathan Glao Tah,Bayer 04 Leverkusen,0.4794764705882354
Jonathan Schmid,TSG 1899 Hoffenheim,0.8014281250000002
Joo-Ho Park,Borussia Dortmund,0.6630777777777774
Jose Campana,1. FC Nürnberg,0.5111178571428574
Joselu,Hannover 96,0.6971499999999999
Joshua Guilavogui,VfL Wolfsburg,0.7691558823529414
Joshua Kimmich,FC Bayern Munich,0.39156052631578975
Josip Drmic,Hamburger SV,0.8127285714285716
Juan Arango,Borussia Mönchengladbach,0.7054538461538458
Juan Bernat,FC Bayern Munich,0.6268766666666667
Julian Baumgartlinger,1. FSV Mainz 05,0.8233147058823533
Julian Brandt,Bayer 04 Leverkusen,0.43066944444444477
Julian Draxler,VfL Wolfsburg,0.7902399999999999
Julian Green,Hamburger SV,0.49763181818181845
Julian Koch,1. FSV Mainz 05,0.5166035714285712
Julian Korb,Borussia Mönchengladbach,0.5202833333333333
Julian Schieber,Hertha BSC Berlin,0.7650875000000001
Julian Schuster,SC Freiburg,0.6596823529411762
Julian Weigl,Borussia Dortmund,0.39165277777777774
Junior Caicara,FC Schalke 04,0.7867571428571429
Junior Diaz,SV Darmstadt 98,0.5008931818181821
Junior Malanda-Adje,VfL Wolfsburg,0.60289
Kaan Ayhan,Eintracht Frankfurt,0.3867694444444444
Kai Herdling,TSG 1899 Hoffenheim,0.5212863636363633
Karim Bellarabi,Bayer 04 Leverkusen,0.6431777777777777
Karim Guede,SC Freiburg,0.5418315789473683
Karim Onisiwo,1. FSV Mainz 05,0.5394
Kazuki Nagasawa,1. FC Köln,0.38632222222222184
Ken Reichel,Eintracht Braunschweig,0.5083222222222222
Kenan Karaman,Hannover 96,0.3122583333333333
Kevin Grosskreutz,VfB Stuttgart,0.8202705882352939
Kevin Kampl,Bayer 04 Leverkusen,0.7797479166666667
Kevin Kratz,Eintracht Braunschweig,0.45779285714285667
Kevin Kuranyi,TSG 1899 Hoffenheim,0.735095
Kevin Trapp,Eintracht Frankfurt,0.79219
Kevin Vogt,1. FC Köln,0.6415041666666668
Kevin Volland,TSG 1899 Hoffenheim,0.8369941176470591
Kevin Wimmer,1. FC Köln,0.512825
Kevin de Bruyne,VfL Wolfsburg,0.7648588235294115
Kevin-Prince Boateng,FC Schalke 04,0.6570437499999999
Kingsley Coman,FC Bayern Munich,0.428589285714286
Klaas Jan Huntelaar,FC Schalke 04,0.8488333333333333
Koen Casteels,VfL Wolfsburg,0.53711
Konstantin Engel,FC Ingolstadt 04,0.48075
Konstantin Rausch,SV Darmstadt 98,0.6599500000000004
Konstantinos Stafylidis,FC Augsburg,0.514365
Kyriakos Papadopoulos,Bayer 04 Leverkusen,0.8274041666666667
Lars Bender,Bayer 04 Leverkusen,0.8434200000000001
Lars Stindl,Borussia Mönchengladbach,0.8307555555555556
Lasse Sobiech,Hamburger SV,0.4671
Laszlo Kleinheisler,SV Werder Bremen,0.51355
Leon Andreasen,Hannover 96,0.7940772727272731
Leon Balogun,1. FSV Mainz 05,0.38288
Leon Goretzka,FC Schalke 04,0.6338025
Leon Guwara,SV Werder Bremen,0.484
Leonardo Bittencourt,1. FC Köln,0.7425846153846156
Leroy Sane,FC Schalke 04,0.46237413793103443
Levan Kobiashvili,Hertha BSC Berlin,0.53905
Levent Aycicek,SV Werder Bremen,0.4011391304347821
Levin Mete Oztunali,SV Werder Bremen,0.4543477272727272
Lewis Holtby,Hamburger SV,0.82513
Loris Karius,1. FSV Mainz 05,0.49763478260869554
Luc Castaignos,Eintracht Frankfurt,0.76599
Luca Caldirola,SV Darmstadt 98,0.7245382352941181
Luca-Milan Zander,SV Werder Bremen,0.46431666666666666
Lucas Hradecky,Eintracht Frankfurt,0.49860625
Lucas Piazon,Eintracht Frankfurt,0.6697657894736845
Ludovic Obraniak,SV Werder Bremen,0.7903214285714286
Luiz Gustavo,VfL Wolfsburg,0.8478583333333334
Lukas Froede,SV Werder Bremen,0.4713833333333333
Lukas Hinterseer,FC Ingolstadt 04,0.4081076923076926
Lukas Kruse,SC Paderborn 07,0.5192888888888891
Lukas Raeder,FC Bayern Munich,0.37480624999999995
Lukas Rupp,VfB Stuttgart,0.47285714285714286
Lukasz Piszczek,Borussia Dortmund,0.751775
Lukasz Zaluska,SV Darmstadt 98,0.5400333333333334
Mahir Saglik,SC Paderborn 07,0.5464499999999998
Mahmoud Dahoud,Borussia Mönchengladbach,0.35222857142857145
Makoto Hasebe,Eintracht Frankfurt,0.7676000000000003
Mame Biram Diouf,Hannover 96,0.7392076923076927
Manuel Friedrich,Borussia Dortmund,0.74885
Manuel Neuer,FC Bayern Munich,0.9042083333333334
Manuel Schmiedebach,Hannover 96,0.8158416666666667
Marc Pfitzner,Eintracht Braunschweig,0.5366625
Marc Stendera,Eintracht Frankfurt,0.5192
Marc Torrejon Moya,SC Freiburg,0.6503000000000001
Marc Vucinovic,SC Paderborn 07,0.43893888888888855
Marc-Andre ter Stegen,Borussia Mönchengladbach,0.84394
Marc-Oliver Kempf,SC Freiburg,0.40347500000000003
Marcel Correia,Eintracht Braunschweig,0.5743625
Marcel De Jong,FC Augsburg,0.5050214285714283
Marcel Heller,SV Darmstadt 98,0.44550588235294164
Marcel Ndjeng,Hertha BSC Berlin,0.46318124999999993
Marcel Risse,1. FC Köln,0.779266666666667
Marcel Schaefer,VfL Wolfsburg,0.815375
Marcel Schmelzer,Borussia Dortmund,0.7860999999999997
Marcell Jansen,Hamburger SV,0.81515625
Marcelo,Hannover 96,0.6966136363636363
Marcelo Diaz,Hamburger SV,0.5701973684210531
Marco Fabian,Eintracht Frankfurt,0.6403975
Marco Hoeger,FC Schalke 04,0.8258066666666667
Marco Reus,Borussia Dortmund,0.8912904761904767
Marco Russ,Eintracht Frankfurt,0.51960625
Marco Sailer,SV Darmstadt 98,0.4245666666666663
Mario Goetze,FC Bayern Munich,0.8348375
Mario Mandzukic,FC Bayern Munich,0.8070500000000002
Mario Vrancic,SV Darmstadt 98,0.52068
Marius Stankevicius,Hannover 96,0.5810857142857144
Marius Wolf,Hannover 96,0.3093772727272726
Marjan Petkovic,Eintracht Braunschweig,0.53535
Mark Uth,TSG 1899 Hoffenheim,0.4233321428571431
Markus Feulner,FC Augsburg,0.7645153846153847
Markus Suttner,FC Ingolstadt 04,0.4666857142857145
Marlon Frey,Bayer 04 Leverkusen,0.4670642857142857
Marnon-Thomas Busch,SV Werder Bremen,0.37866428571428584
Martin Angha,1. FC Nürnberg,0.4546944444444444
Martin Harnik,VfB Stuttgart,0.7778291666666667
Martin Hinteregger,Borussia Mönchengladbach,0.4920458333333333
Martin Lanig,Eintracht Frankfurt,0.5241
Martin Stranzl,Borussia Mönchengladbach,0.7399888888888893
Marvin Bakalorz,SC Paderborn 07,0.45711818181818165
Marvin Ducksch,SC Paderborn 07,0.49601666666666666
Marvin Friedrich,FC Schalke 04,0.37928124999999996
Marvin Matip,FC Ingolstadt 04,0.462
Marvin Plattenhardt,Hertha BSC Berlin,0.7004333333333332
Marvin Schulz,Borussia Mönchengladbach,0.33553749999999993
Marwin Hitz,FC Augsburg,0.641055
Matija Nastasic,FC Schalke 04,0.6857409090909088
Mats Hummels,Borussia Dortmund,0.8890653846153846
Mats Moeller Daehli,SC Freiburg,0.42515312499999997
Matthew Leckie,FC Ingolstadt 04,0.5209375
Matthias Ginter,Borussia Dortmund,0.7763289473684207
Matthias Henn,Eintracht Braunschweig,0.5028250000000001
Matthias Lehmann,1. FC Köln,0.7455958333333333
Matthias Ostrzolek,Hamburger SV,0.7189300000000001
Matthias Zimmermann,VfB Stuttgart,0.5008333333333334
Mattia Maggio,Hamburger SV,0.457
Maurice Hirsch,Hannover 96,0.37949375
Max Christiansen,FC Ingolstadt 04,0.35231
Max Gruen,VfL Wolfsburg,0.46936666666666665
Max Kruse,VfL Wolfsburg,0.835792857142857
Max Meyer,FC Schalke 04,0.663208
Maximilian Arnold,VfL Wolfsburg,0.8131210526315789
Maximilian Eggestein,SV Werder Bremen,0.46595000000000003
Maximilian Mittelstaedt,Hertha BSC Berlin,0.46538
Maximilian Philipp,SC Freiburg,0.39103666666666664
Mehdi Benatia,FC Bayern Munich,0.8533029411764711
Melvyn Lorenzen,SV Werder Bremen,0.4210181818181818
Mensur Mujdza,SC Freiburg,0.5915807692307691
Mergim Mavraj,1. FC Köln,0.5988199999999999
Mevlut Erdinc,Hannover 96,0.774035
Michael Gregoritsch,Hamburger SV,0.36473
Michael Heinloth,SC Paderborn 07,0.3714692307692312
Michael Mancienne,Hamburger SV,0.5189055555555555
Miiko Albornoz,Hannover 96,0.46625625000000004
Mijat Gacinovic,Eintracht Frankfurt,0.5515
Mike Frantz,SC Freiburg,0.53166
Milan Badelj,Hamburger SV,0.7835461538461537
Milos Jojic,1. FC Köln,0.7816638888888893
Milos Veljkovic,SV Werder Bremen,0.2798277777777774
Mirko Boland,Eintracht Braunschweig,0.47535833333333327
Miso Brecko,1. FC Köln,0.5700269230769229
Mitchell Langerak,VfB Stuttgart,0.5998307692307688
Mitchell Weiser,Hertha BSC Berlin,0.483252
Mohamed Gouaida,Hamburger SV,0.387554545454545
Mohammed Abdellaoue,VfB Stuttgart,0.695809090909091
Moritz Hartmann,FC Ingolstadt 04,0.46055999999999997
Moritz Leitner,Borussia Dortmund,0.75885
Moritz Stoppelkamp,SC Paderborn 07,0.5656611111111112
Nabil Bahoui,Hamburger SV,0.5230125000000001
Nadiem Amiri,TSG 1899 Hoffenheim,0.31509705882352945
Naldo,VfL Wolfsburg,0.6608428571428571
Nelson Haedo Valdez,Eintracht Frankfurt,0.81105
Neven Subotic,Borussia Dortmund,0.8372461538461538
Nicklas Bendtner,VfL Wolfsburg,0.8116611111111112
Nico Elvedi,Borussia Mönchengladbach,0.2790277777777781
Nico Schulz,Hertha BSC Berlin,0.57096875
Nicolai Mueller,Hamburger SV,0.7658958333333333
Nicolas Hoefler,SC Freiburg,0.5484533333333333
Niki Zimling,1. FSV Mainz 05,0.6269533333333334
Niklas Stark,Hertha BSC Berlin,0.4300692307692305
Niklas Suele,TSG 1899 Hoffenheim,0.4961249999999997
Niko Bungert,1. FSV Mainz 05,0.6957187499999999
Nikola Djurdjic,FC Augsburg,0.5048142857142854
Nikolce Noveski,1. FSV Mainz 05,0.8054454545454548
Nils Petersen,SC Freiburg,0.7018763157894738
Noah-Joel Sarenren-Bazee,Hannover 96,0.4820666666666667
Norman Theuerkauf,Eintracht Braunschweig,0.507355
Nuri Sahin,Borussia Dortmund,0.8408227272727272
Odisseas Vlachodimos,VfB Stuttgart,0.475175
Oerjan Haaskjold Nyland,FC Ingolstadt 04,0.54028
Oezkan Yildirim,SV Werder Bremen,0.5412346153846156
Ola John,Hamburger SV,0.7063880952380948
Oliver Baumann,TSG 1899 Hoffenheim,0.8288
Oliver Kirch,Borussia Dortmund,0.5144562500000001
Oliver Sorg,Hannover 96,0.5408236842105262
Omar Elabdellaoui,Eintracht Braunschweig,0.43369166666666664
Omer Toprak,Bayer 04 Leverkusen,0.83283
Ondrej Petrak,1. FC Nürnberg,0.54735
Orhan Ademi,Eintracht Braunschweig,0.542125
Oriol Romeu,VfB Stuttgart,0.6074818181818181
Oscar Wendt,Borussia Mönchengladbach,0.72615625
Ouasim Bouy,Hamburger SV,0.38552
Pablo De Blasis,1. FSV Mainz 05,0.7826266666666667
Papy Djilobodji,SV Werder Bremen,0.7614230769230772
Pascal Gross,FC Ingolstadt 04,0.5967176470588231
Patrick Herrmann,Borussia Mönchengladbach,0.6880458333333334
Patrick Ochs,VfL Wolfsburg,0.8007250000000001
Patrick Rakovsky,1. FC Nürnberg,0.40926666666666633
Patrick Ziegler,SC Paderborn 07,0.4429249999999999
Paul Seguin,VfL Wolfsburg,0.3774142857142861
Paul Verhaegh,FC Augsburg,0.7017555555555556
Pavel Kaderabek,TSG 1899 Hoffenheim,0.510261111111111
Pavel Krmas,SC Freiburg,0.5416875
Pawel Olkowski,1. FC Köln,0.5969105263157896
Pepe Reina,FC Bayern Munich,0.7524357142857141
Per Ciljan Skjelbred,Hertha BSC Berlin,0.7097736842105258
Per Nilsson,1. FC Nürnberg,0.5884136363636363
Peter Niemeyer,SV Darmstadt 98,0.5748181818181815
Peter Pekarik,Hertha BSC Berlin,0.7926
Petr Jiracek,Hamburger SV,0.6033999999999996
Philip Heise,VfB Stuttgart,0.3313999999999997
Philipp Bargfrede,SV Werder Bremen,0.7421250000000004
Philipp Hosiner,1. FC Köln,0.7287250000000001
Philipp Lahm,FC Bayern Munich,0.8953300000000001
Philipp Max,FC Augsburg,0.3174208333333333
Philipp Ochs,TSG 1899 Hoffenheim,0.4393833333333333
Philipp Wollscheid,1. FSV Mainz 05,0.7418111111111114
Philipp Zulechner,SC Freiburg,0.539478571428571
Pierre Bengtsson,1. FSV Mainz 05,0.6389142857142854
Pierre-Emerick Aubameyang,Borussia Dortmund,0.69980625
Pierre-Emil Hoejbjerg,FC Schalke 04,0.469583333333333
Pierre-Michel Lasogga,Hamburger SV,0.82870625
Piotr Trochowski,FC Augsburg,0.811357142857143
Pirmin Schwegler,TSG 1899 Hoffenheim,0.7812
Przemyslaw Tyton,VfB Stuttgart,0.7778416666666667
Rafa Lopez,SC Paderborn 07,0.5239000000000004
Rafael van der Vaart,Hamburger SV,0.6512555555555555
Raffael,Borussia Mönchengladbach,0.8330769230769228
Rafinha,FC Bayern Munich,0.7745590909090905
Ragnar Klavan,FC Augsburg,0.58113125
Ralf Faehrmann,FC Schalke 04,0.6412636363636359
Ramazan Oezcan,FC Ingolstadt 04,0.5236458333333334
Rani Khedira,VfB Stuttgart,0.42300000000000004
Raphael Holzhauser,FC Augsburg,0.45526999999999995
Raphael Schaefer,1. FC Nürnberg,0.5005527777777778
Raphael Wolf,SV Werder Bremen,0.4317944444444441
Raul Marcelo Bobadilla,FC Augsburg,0.7605375
Rene Adler,Hamburger SV,0.69725
Ricardo Rodriguez,VfL Wolfsburg,0.6973906249999999
Richard Strebinger,SV Werder Bremen,0.4733875
Rico Strieder,FC Bayern Munich,0.3808666666666667
Robbie Kruse,Bayer 04 Leverkusen,0.7183555555555559
Robert Bauer,FC Ingolstadt 04,0.3576233333333333
Robert Lewandowski,FC Bayern Munich,0.8915235294117648
Robert Mak,1. FC Nürnberg,0.5439166666666666
Robert Tesche,Hamburger SV,0.5241000000000001
Roberto Firmino,TSG 1899 Hoffenheim,0.84242
Roberto Hilbert,Bayer 04 Leverkusen,0.6477222222222219
Robin Knoche,VfL Wolfsburg,0.7635444444444444
Roel Brouwers,Borussia Mönchengladbach,0.6836277777777774
Roger,FC Ingolstadt 04,0.42140000000000005
Romain Bregerie,FC Ingolstadt 04,0.3863038461538464
Roman Buerki,Borussia Dortmund,0.7717192307692311
Roman Neustaedter,FC Schalke 04,0.7537318181818178
Roman Weidenfeller,Borussia Dortmund,0.75269
Ron-Robert Zieler,Hannover 96,0.8291200000000001
Ronny,Hertha BSC Berlin,0.636475
Ronny Marcos,Hamburger SV,0.30509999999999987
Ronny Philp,FC Augsburg,0.50434375
Roy Beerens,Hertha BSC Berlin,0.7621722222222219
Rune Almenning Jarstein,Hertha BSC Berlin,0.47474117647058856
Salif Sane,Hannover 96,0.634125
Salomon Kalou,Hertha BSC Berlin,0.8395588235294119
Sambou Yatabare,SV Werder Bremen,0.4255730769230774
Sami Allagui,1. FSV Mainz 05,0.558825
Sandro Sirigu,SV Darmstadt 98,0.36408749999999995
Sandro Wagner,SV Darmstadt 98,0.4617733333333333
Santiago Garcia,SV Werder Bremen,0.7720642857142861
Sascha Burchert,Hertha BSC Berlin,0.48720625000000006
Sascha Moelders,FC Augsburg,0.580422222222222
Sascha Riether,FC Schalke 04,0.7545000000000001
Sead Kolasinac,FC Schalke 04,0.650421428571429
Sebastian Boenisch,Bayer 04 Leverkusen,0.5734875
Sebastian Freis,SC Freiburg,0.545769230769231
Sebastian Jung,VfL Wolfsburg,0.8270875
Sebastian Kehl,Borussia Dortmund,0.8210000000000001
Sebastian Kerk,SC Freiburg,0.4795152173913042
Sebastian Langkamp,Hertha BSC Berlin,0.8045800000000001
Sebastian Proedl,SV Werder Bremen,0.8006749999999998
Sebastian Rode,FC Bayern Munich,0.825564285714286
Sebastian Rudy,TSG 1899 Hoffenheim,0.7784333333333333
Sebastien Pocognoli,Hannover 96,0.57232
Sejad Salihovic,TSG 1899 Hoffenheim,0.8172071428571425
Sercan Sararer,VfB Stuttgart,0.51794
Serdar Tasci,FC Bayern Munich,0.82944
Serey Die,VfB Stuttgart,0.5010249999999995
Shawn Parker,FC Augsburg,0.55120625
Shinji Kagawa,Borussia Dortmund,0.7971842105263162
Shinji Okazaki,1. FSV Mainz 05,0.8211173913043477
Sidney Sam,FC Schalke 04,0.6491526315789471
Simon Rolfes,Bayer 04 Leverkusen,0.8235625
Simon Zoller,1. FC Köln,0.5425815789473684
Slawomir Peszko,1. FC Köln,0.47907727272727224
Slobodan Medojevic,Eintracht Frankfurt,0.5863
Slobodan Rajkovic,SV Darmstadt 98,0.7598
Sokratis Papastathopoulos,Borussia Dortmund,0.8456433333333333
Sonny Kittel,Eintracht Frankfurt,0.5012111111111115
Srdjan Lakic,SC Paderborn 07,0.6377111111111116
Stefan Aigner,Eintracht Frankfurt,0.7813666666666667
Stefan Bell,1. FSV Mainz 05,0.5079823529411763
Stefan Kiessling,Bayer 04 Leverkusen,0.8352499999999997
Stefan Kutschke,SC Paderborn 07,0.52212
Stefan Lex,FC Ingolstadt 04,0.3206027777777774
Stefan Mitrovic,SC Freiburg,0.5844823529411769
Stefan Reinartz,Eintracht Frankfurt,0.8244666666666667
Stefan Thesker,Hannover 96,0.49926666666666697
Stefanos Kapinos,1. FSV Mainz 05,0.60675
Stephan Schrock,Eintracht Frankfurt,0.472325
Steven Zuber,TSG 1899 Hoffenheim,0.6094
Suat Serdar,1. FSV Mainz 05,0.38123749999999995
Suleyman Koc,SC Paderborn 07,0.4126500000000002
Sven Bender,Borussia Dortmund,0.7511083333333333
Sven Schipplock,Hamburger SV,0.6476200000000001
Sven Ulreich,VfB Stuttgart,0.7800681818181816
Szabolcs Huszti,Eintracht Frankfurt,0.7652749999999999
Takashi Inui,Eintracht Frankfurt,0.675225
Tarik Elyounoussi,TSG 1899 Hoffenheim,0.7561458333333334
Theodor Gebre Selassie,SV Werder Bremen,0.662447368421053
Thiago Alcantara,FC Bayern Munich,0.7882794117647061
Thomas Kessler,1. FC Köln,0.55285
Thomas Kraft,Hertha BSC Berlin,0.7755055555555556
Thomas Mueller,FC Bayern Munich,0.8927250000000003
Thorgan Hazard,Borussia Mönchengladbach,0.783171052631579
Thorsten Kirschbaum,VfB Stuttgart,0.45587857142857124
Tim Hoogland,FC Schalke 04,0.567153846153846
Tim Matavz,FC Augsburg,0.58476
Timm Klose,VfL Wolfsburg,0.762622727272727
Timo Baumgartl,VfB Stuttgart,0.2957708333333333
Timo Gebhart,1. FC Nürnberg,0.48006071428571473
Timo Hildebrand,Eintracht Frankfurt,0.76915
Timo Horn,1. FC Köln,0.6812571428571423
Timo Perthel,Eintracht Braunschweig,0.46909999999999996
Timo Werner,VfB Stuttgart,0.5788205882352937
Timon Wellenreuther,FC Schalke 04,0.30180999999999997
Timothy Chandler,Eintracht Frankfurt,0.7007583333333334
Tin Jedvaj,Bayer 04 Leverkusen,0.4605666666666666
Tobias Kempe,SV Darmstadt 98,0.41004666666666667
Tobias Levels,FC Ingolstadt 04,0.4997454545454544
Tobias Pachonik,1. FC Nürnberg,0.41869166666666663
Tobias Sippel,Borussia Mönchengladbach,0.62125
Tobias Strobl,TSG 1899 Hoffenheim,0.4653428571428574
Tobias Weis,Eintracht Frankfurt,0.4657181818181819
Tobias Werner,FC Augsburg,0.7563437500000001
Tolga Cigerci,Hertha BSC Berlin,0.6877
Tolgay Arslan,Hamburger SV,0.53115
Tom Mickel,Hamburger SV,0.36105000000000004
Tom Starke,FC Bayern Munich,0.8179714285714285
Tomas Pekhart,FC Ingolstadt 04,0.48478999999999994
Tomas Rincon,Hamburger SV,0.6634000000000002
Toni Kroos,FC Bayern Munich,0.8817499999999998
Toni Sunjic,VfB Stuttgart,0.7164333333333333
Tony Jantschke,Borussia Mönchengladbach,0.6792333333333334
Torsten Oehrl,Eintracht Braunschweig,0.53812
Tranquillo Barnetta,FC Schalke 04,0.7739333333333334
Uffe Bech,Hannover 96,0.41116249999999993
Ulisses Garcia,SV Werder Bremen,0.47641
Uwe Huenemeier,SC Paderborn 07,0.39308125
Vaclav Kadlec,Eintracht Frankfurt,0.5811875
Vaclav Pilar,SC Freiburg,0.7136000000000005
Valentin Stocker,Hertha BSC Berlin,0.73644375
Valmir Sulejmani,Hannover 96,0.4155388888888885
Valon Behrami,Hamburger SV,0.823533333333333
Vedad Ibisevic,Hertha BSC Berlin,0.6518249999999995
Vieirinha,VfL Wolfsburg,0.8315142857142853
Vladimir Darida,Hertha BSC Berlin,0.7187879310344825
Vladlen Yurchenko,Bayer 04 Leverkusen,0.33981428571428557
Waldemar Anton,Hannover 96,0.46427999999999997
Wendell,Bayer 04 Leverkusen,0.432915625
Xabi Alonso,FC Bayern Munich,0.8642700000000001
Xherdan Shaqiri,FC Bayern Munich,0.7942
Yann Sommer,Borussia Mönchengladbach,0.7801277777777782
Yanni Regaesel,Eintracht Frankfurt,0.3813875
Yannick Gerhardt,1. FC Köln,0.46936111111111145
Ylli Sallahi,FC Bayern Munich,0.3257083333333334
Yoshinori Muto,1. FSV Mainz 05,0.6972
Younes Belhanda,FC Schalke 04,0.8522000000000001
Yunus Malli,1. FSV Mainz 05,0.4816774193548392
Yuya Osako,1. FC Köln,0.6451153846153848
Zdenek Pospech,1. FSV Mainz 05,0.8013999999999997
Zhi-Gin Lam,Hamburger SV,0.45333750000000006
Zlatko Junuzovic,SV Werder Bremen,0.7349053571428569
Zoltan Stieber,Hamburger SV,0.6346083333333334
